<?xml version="1.0" encoding="UTF-8" standalone="yes"?>
<psExtension xmlns="http://www.powerschool.com" xmlns:xsi="http://www.w3.org/2001/XMLSchema-instance" xsi:schemaLocation="http://www.powerschool.com psextension.xsd">
    <extensionname>U_CLG_EPP</extensionname>
    <extendedTable coreTable="STUDENTS" dbTableName="U_CLG_EPP_DEMO_CHANGE" comment="">
    	<field name="PARENT_STREET" type="String" length="100" populateFrom="parent_street" remaps="parent_street"/>
    	<field name="PARENT_CITY" type="String" length="50" populateFrom="parent_city" remaps="parent_city" />
    	<field name="PARENT_STATE" type="String" length="2" populateFrom="parent_state" remaps="parent_state" />
    	<field name="PARENT_ZIP" type="String" length="10" populateFrom="parent_zip" remaps="parent_zip" />
    	<field name="PARENT_MAILING_STREET" type="String" length="100" populateFrom="parent_mailing_street" remaps="parent_mailing_street"/>
    	<field name="PARENT_MAILING_CITY" type="String" length="50" populateFrom="parent_mailing_city" remaps="parent_mailing_city" />
    	<field name="PARENT_MAILING_STATE" type="String" length="2" populateFrom="parent_mailing_state" remaps="parent_mailing_state" />
    	<field name="PARENT_MAILING_ZIP" type="String" length="10" populateFrom="parent_mailing_zip" remaps="parent_mailing_zip" />
    	<field name="PARENT_HOME_PHONE" type="String" length="20" populateFrom="parent_home_phone" remaps="parent_home_phone"/>
    	<field name="PARENT_FATHERDAYPHONE" type="String" length="20" populateFrom="parent_fatherdayphone" remaps="parent_fatherdayphone"/>
    	<field name="PARENT_FATHER_HOME_PHONE" type="String" length="20" populateFrom="parent_father_home_phone" remaps="parent_father_home_phone"/>
    	<field name="PARENT_FATHER_EMPLOYER" type="String" length="100" populateFrom="parent_father_Employer" remaps="parent_father_Employer"/>
    	<field name="PARENT_MOTHERDAYPHONE" type="String" length="20" populateFrom="parent_motherdayphone" remaps="parent_motherdayphone"/>
    	<field name="PARENT_MOTHER_HOME_PHONE" type="String" length="20" populateFrom="parent_mother_home_phone" remaps="parent_mother_home_phone"/>
    	<field name="PARENT_MOTHER_EMPLOYER" type="String" length="100" populateFrom="parent_mother_Employer" remaps="parent_mother_Employer"/>
    	<field name="PARENT_VERIFY" type="String" length="1" populateFrom="parent_verify" remaps="parent_verify"/>
    	<field name="PARENT_WHOLASTCHANGED" type="String" length="100" populateFrom="parent_wholastchanged" remaps="parent_wholastchanged"/>
    	<field name="ENABLEDEMOUPDATE" type="String" length="1" populateFrom="enabledemoupdate" remaps="enabledemoupdate"/>
    </extendedTable>
</psExtension>
