<?xml version="1.0" encoding="UTF-8" standalone="yes"?>
<psExtension xmlns="http://www.powerschool.com" xmlns:xsi="http://www.w3.org/2001/XMLSchema-instance" xsi:schemaLocation="http://www.powerschool.com psextension.xsd">
    <extensionname>U_STUDENTS_SIGNOFF</extensionname>
    <extendedTable coreTable="Students" dbTableName="U_DEF_EXT_STUDENTS1" comment="">
        <field name="ReportCardReceived" type="Date" comment="Date parent acknowledges receiving student's report card (in parent portal)"/>
    </extendedTable>
    <extendedTable coreTable="Students" dbTableName="U_STUDENTS_SIGNOFF" childName="U_STUDENTS_SIGNOFF" comment="For parent-portal student signoffs, e.g. &quot;I acknowledge receiving my child's report card.&quot;">
        <field name="ReportCardReceived" type="Date" comment="The date a parent acknowledged receiving the report card (on the parent portal). Reset each grading period."/>
    </extendedTable>
</psExtension>
